severity,year
3.0193345240789626,2020
4.215009858692978,2020
2.959225368134396,2020
3.0150115399450352,2020
3.0150395844810154,2020
3.615200034689862,2020
2.9254398748713597,2020
3.0379477051409878,2020
2.262305600189538,2020
3.0381320025038394,2020
2.7608357217240576,2020
2.3227495909377045,2020
3.076861430754878,2020
2.9837692674271046,2020
2.615460673084228,2020
2.473289910261009,2020
3.6148309038096715,2020
2.9950862559387863,2020
3.5852172658906056,2020
2.848554740358549,2020
2.4810221606091973,2020
3.0301065087855372,2020
3.0809141586366544,2020
2.814345106988169,2020
2.6933325164211768,2020
2.8072399306869853,2020
4.399688787225701,2020
6.285972183318333,2020
6.768809973632394,2020
3.3561135236576005,2020
2.6747865951561693,2020
3.6196395287149006,2020
3.6704775295562078,2020
2.3933760416733687,2020
3.1197507701261453,2020
2.9854246931227086,2020
5.93980795246959,2020
3.0223511646057095,2020
5.235722255414313,2020
3.707906253633169,2020
2.8683647321073593,2020
3.3550358520445265,2020
3.4383346906558163,2020
5.363970901643751,2020
3.198452234328896,2020
3.989731714684177,2020
3.0344032207306273,2020
2.735949523688941,2020
3.319631853775701,2020
2.4387334987405267,2020
3.3954849955910014,2020
3.566365173889429,2020
3.711712192845409,2020
3.424150358845467,2020
5.331621948861434,2020
2.1739529816948973,2020
3.0927428896902613,2020
2.585452932546016,2020
2.8559472875857455,2020
2.2840060965581817,2020
3.9153952043444495,2020
3.16229225594293,2020
2.708962223760712,2020
5.3050450020755395,2020
2.8184566802596622,2020
3.636708566705081,2020
4.391796426396645,2020
18.025359806903136,2020
3.1709919470339334,2020
3.560618666752713,2020
2.8836311657011984,2020
3.2671180521326675,2020
3.3061415925065494,2020
5.427609087361213,2020
3.5010037775815146,2020
5.431989440901553,2020
3.741336789645211,2020
4.555634648203199,2020
4.294985398547247,2020
3.4648766122857366,2020
3.87902061326938,2020
2.822494095014144,2020
2.3972462023873513,2020
4.05447881137265,2020
2.5050298015548655,2020
2.648780060558907,2020
2.3450472001573077,2020
3.7694233585523675,2020
3.5587188182673666,2020
5.801543180572437,2020
4.730656688972669,2020
3.1313542604885254,2020
4.112285805992718,2020
4.219860403208584,2020
2.22126121607719,2020
2.884138616092858,2020
3.937389704468451,2020
3.1328578587322657,2020
3.7578564765263787,2020
4.00304973339126,2020
2.8536000156200445,2020
3.2063619489532944,2020
4.329739207820818,2020
3.658064992787737,2020
3.6100709713701042,2020
2.94369028495313,2020
2.948763335835073,2020
3.5156222188373096,2020
3.209460921923343,2020
2.468702738000938,2020
2.683620874169602,2020
3.1436400507155216,2020
3.0571012128964634,2020
2.3024573456964426,2020
2.8097508814846885,2020
2.698728301561177,2020
2.665295026808832,2020
3.636616339096941,2020
2.9371201521781773,2020
2.9718466968389086,2020
2.2535818813219164,2020
2.9268809530150652,2020
4.057819908276244,2020
2.950835339100143,2020
4.375540629293338,2020
4.121712636350436,2020
3.0890957688971863,2020
3.368214511000143,2020
5.064852229961799,2020
3.011825368353735,2020
3.7243309743206017,2020
2.3394255838863733,2020
2.194844149815033,2020
4.944791147455282,2020
2.7749412888007488,2020
2.4128508120509604,2020
3.073515019119461,2020
2.4826838710393373,2020
8.669276289893943,2020
2.9281427833101246,2020
2.3889182898658516,2020
3.1863884902755735,2020
4.003365917869711,2020
2.2461851694127706,2020
3.1292507899291504,2020
5.207439600192271,2020
2.8763538866211835,2020
2.6063437396022837,2020
3.1170355583746145,2020
3.340291237776899,2020
2.7882566971538405,2020
3.707920657271941,2020
2.630991071157916,2020
2.772710343287234,2020
2.9781839333005413,2020
4.454087722158549,2020
3.217922177009604,2020
2.849137171953403,2020
3.3322059692811705,2020
5.755521128305283,2020
3.379023880031051,2020
3.224809700220181,2020
5.058336649874161,2020
3.4308060142216994,2020
4.031728007734044,2020
3.9153122311409283,2020
5.115964436431461,2020
2.4222547054076093,2020
3.419034578143143,2020
4.778162914471229,2020
3.6331234780662864,2020
4.023765452525518,2020
3.028867574745382,2020
3.645412026361668,2020
2.4079775594596255,2020
2.6220719704124917,2020
2.388812481644285,2020
2.867563457012924,2020
2.882745679665442,2020
2.436417229950382,2020
2.5249553053092137,2020
3.45245781589801,2020
2.908940295602059,2020
3.516304063779432,2020
4.716668486160987,2020
3.3501066665275685,2020
2.639556144970216,2020
3.593083337218337,2020
2.6498129710195797,2020
2.6375487051636837,2020
2.4078552798322748,2020
3.7793807568891697,2020
3.108721185155905,2020
2.6375440123100753,2020
3.035062486366995,2020
2.907047160363095,2020
4.898989059408063,2020
3.5340623692413216,2020
2.9600534439958244,2020
2.90321256407577,2020
2.711330107518212,2020
2.5163829067389325,2020
4.211623098871218,2020
3.122078455067415,2020
3.1161901742909768,2020
2.7263586690990547,2020
2.6433819129629916,2020
3.2547977715803875,2020
4.745361794543063,2020
2.506195392235865,2020
2.7827489438466184,2020
3.1935633242026875,2020
2.474681407397144,2020
4.98055038606973,2020
3.5284950611309305,2020
3.6131042125723334,2020
3.2953888069930177,2020
4.133189612021136,2020
2.845446328668185,2020
2.789177930096413,2020
4.862443455047387,2020
3.8826551862616565,2020
2.6186443951538187,2020
3.0430678935207838,2020
3.0457359501549095,2020
2.589641542616341,2020
2.8527760449997333,2020
4.77947027702743,2020
4.364453109489849,2020
5.073047683031168,2020
3.411199315590224,2020
3.4066495385517377,2020
4.272436933516399,2020
6.419213662928803,2020
4.251955391274645,2020
6.925017223071117,2020
4.922001078419497,2020
4.8520608091209825,2020
4.20079745427236,2020
3.2762019936230407,2020
4.023909689492484,2020
2.588629286872012,2020
3.1348062749529104,2020
4.0682196357213405,2020
3.1779501642636023,2020
2.4068806236023494,2020
3.121192560038367,2020
3.7112307125099813,2020
5.071977716027258,2020
3.195618545040547,2020
3.154375857007334,2020
3.1030531613577215,2020
12.04132370340562,2020
3.025562442772136,2020
2.604493565366374,2020
2.9222886026638006,2020
5.3590440806488235,2020
2.9709117651829215,2020
3.5384220260472694,2020
3.3627283789856715,2020
4.079486836283241,2020
4.071551921049093,2020
2.261737069880933,2020
4.226372888602567,2020
3.7513628039894433,2020
2.8939377389284275,2020
3.198984965039146,2020
4.016106188194713,2020
2.7354999132166307,2020
2.9683183423686734,2020
3.6527252356592226,2020
4.272755966061722,2020
2.5505116225446036,2020
2.715211179589369,2020
2.9294618977054876,2020
3.0937867496580647,2020
9.043132495027637,2020
2.6858305236643645,2020
2.588115957169787,2020
3.2433177417923518,2020
3.6771182412584085,2020
5.789983423515101,2020
3.1012833309187338,2020
2.7311179688824487,2020
4.457252476009757,2020
3.1000740622427947,2020
2.4027008642965315,2020
3.780278792969297,2020
3.4533524258226698,2020
2.943515530823289,2020
15.25807962868624,2020
3.709374915216713,2020
3.9769646669295065,2020
7.345074216392485,2020
4.257653754717726,2020
3.5711718481168244,2020
3.4776593490618115,2020
4.324431586989259,2020
2.4267731495718166,2020
4.2415743469194656,2020
2.4031845443016406,2020
3.1718108547342787,2020
2.991312585499853,2020
3.359171800732461,2020
2.760197910870155,2020
8.35720519847723,2020
2.93425832144115,2020
2.8212353352074873,2020
3.3568095731369136,2020
4.10882852837981,2020
2.755991188058334,2020
3.739054684283158,2020
2.712874145850347,2020
3.4376047275601826,2020
2.9898977690291693,2020
2.607756764756844,2020
3.996109652333928,2020
5.344285262998901,2020
3.3280460797401474,2020
4.364555873457354,2020
3.4856539298342333,2020
3.2134685939806107,2020
4.120229246973219,2020
3.2514566039840993,2020
3.8260903964011908,2020
2.4600291404463492,2020
3.6700709490498147,2020
5.760699429150568,2020
3.060090632502962,2020
17.351803709468268,2020
2.59490797783345,2020
4.173611380110731,2020
3.2717008414141717,2020
3.7922973370224535,2020
3.9519643315898074,2020
2.610202807712039,2020
3.5039222406109682,2020
3.078636510558253,2020
3.6340398228165167,2020
14.33788225725933,2020
3.4593597684679867,2020
2.4407894927234843,2020
2.8589838588676866,2020
2.9100750145855505,2020
3.0032227015109343,2020
4.0040778725804405,2020
4.087782454004476,2020
4.113160395309414,2020
4.329451916437339,2020
3.6999848560058997,2020
3.89663181102901,2020
4.707211288668164,2020
2.4550491995349484,2020
2.150786612573519,2020
3.013872926475214,2020
4.8421280003206455,2020
3.2603961801097547,2020
3.430677791118887,2020
3.034125564284868,2020
5.076424240652103,2020
4.153452100109396,2020
2.574134130141764,2020
2.9412827047533368,2020
2.4197270446560317,2020
9.183860658032403,2020
2.460539867332716,2020
2.5228351320332023,2020
3.068140226711627,2020
3.308212749787912,2020
3.380872237263472,2020
2.90070992336843,2020
3.753434465274639,2020
5.179468826566791,2020
2.535371161865077,2020
3.3814895457642624,2020
3.4495585184998876,2020
4.248355752017983,2020
3.0592280956510924,2020
3.266812653340345,2020
4.613504586611514,2020
2.9865462540320147,2020
3.5680693614446755,2020
2.2758472690710105,2020
3.256379559563416,2020
5.0860029471731405,2020
4.21869669813012,2020
3.7537802322154734,2020
3.1185312772888816,2020
3.0194387603295683,2020
4.733106880745858,2020
5.1438395194816025,2020
3.3240411058924013,2020
5.549438803176214,2020
3.751532851421646,2020
2.4332359751053145,2020
4.997164453402981,2020
4.8380575901096865,2020
2.8013846555776354,2020
3.252189811825357,2020
3.0413597274932918,2020
7.468322175922548,2020
3.608650682357833,2020
3.275578556996337,2020
3.401422796565928,2020
2.9582359598979515,2020
4.386013565308801,2020
4.847254542032662,2020
6.065261896904538,2020
2.68632436142938,2020
4.18411883396398,2020
5.593098592913633,2020
3.342460245729653,2020
3.2967174091170586,2020
3.0019061054888887,2020
3.3880138854506736,2020
3.6369240290186085,2020
5.218188018145982,2020
6.38403863232885,2020
2.7931936912682387,2020
3.3301099546339312,2020
2.3929745268844984,2020
3.9510747431592703,2020
1.9924554302831128,2020
2.9872283756797495,2020
3.8427801942199165,2020
3.143002050508592,2020
3.9740980014177625,2020
3.730224266634845,2020
5.494978858859591,2020
2.5960037189682907,2020
2.8880834920606513,2020
13.676552464819183,2020
4.891134563865977,2020
3.5113665955266002,2020
2.5553280562359433,2020
3.1423735020044052,2020
3.190717191604959,2020
2.839009097413271,2020
6.15920043268418,2020
2.5975346873286527,2020
4.040264547386705,2020
4.560370726414323,2020
3.969635878630959,2020
2.8269441110610325,2020
4.408766592800034,2020
3.208707515494697,2020
2.9204839771259694,2020
12.605697252177778,2020
3.0919803332240243,2020
3.4928180637563324,2020
3.089342714518953,2020
2.7582601828148996,2020
3.0131364624011474,2020
2.7311389143443243,2020
2.4570681227357003,2020
3.0141465099565434,2020
3.5937737370751854,2020
2.474285477667216,2020
5.362839638858153,2020
3.2893059338681314,2020
2.576642696679382,2020
3.8426448926138423,2020
4.517835946695948,2020
4.140775748281046,2020
2.3962783175735076,2020
2.747316570881578,2020
3.2248344274473166,2020
6.433612333655577,2020
3.3656560784049487,2020
2.354053558503027,2020
4.28274497980396,2020
7.1323313708277425,2020
3.727229035446454,2020
3.720630084160671,2020
3.285945798091516,2020
2.488746728886195,2020
3.0522247008197163,2020
3.4279892958317495,2020
2.2864214940862135,2020
3.557560629919536,2020
2.887369166624429,2020
3.279347012385955,2020
2.602386957675407,2020
3.3257612327567467,2020
2.9760279287185663,2020
3.927148839369679,2020
3.868009855802398,2020
4.9788350453103245,2020
2.5413191392291203,2020
2.773875739616203,2020
2.75914009425631,2020
4.824802234484196,2020
3.2010721415237717,2020
2.259129291987506,2020
2.492494876021957,2020
3.9956043312911294,2020
2.890469177685237,2020
2.746554453197141,2020
2.6650917075470533,2020
3.5832883432092117,2020
6.427815687593156,2020
3.097032124251549,2020
3.80486959135498,2020
3.511161927848382,2020
2.1735550611695884,2020
2.3567014614857746,2020
2.76497414419092,2020
2.68027470930093,2020
3.0024191075238744,2020
3.0699432232677224,2020
2.405567049751529,2020
3.642894227900512,2020
2.762954961308051,2020
3.0820732843676923,2020
2.531137932675288,2020
2.736768236133673,2020
2.6539870492773607,2020
3.92331406549752,2020
3.3616387873070757,2020
3.59065111781943,2020
2.8915221732356704,2020
3.898129998797469,2020
3.0998328034176765,2020
4.446465853088098,2020
3.851254792308675,2020
4.0606045499570484,2020
3.4379599965973093,2020
8.084795093388966,2020
2.3079901170440165,2020
3.126151875346218,2020
4.033882032870944,2020
2.312306461118415,2020
3.1204552389525637,2020
8.127752110696886,2020
3.2522984118773697,2020
3.7079941884135628,2020
2.175257878865259,2020
3.7800023056978684,2020
5.1765355796391574,2020
3.0334394045978383,2020
2.6986076537279997,2020
3.4652860983470606,2020
5.054953111758602,2020
2.6854605445738366,2020
3.739012097981589,2020
3.6499003540362667,2020
2.081868945272051,2020
6.8483044514487705,2020
2.355633821421562,2020
12.841540694372217,2020
2.396740297003053,2020
3.2113503962495806,2020
3.5677534130773454,2020
3.6786252824527277,2020
3.40794728874041,2020
3.8215834484707103,2020
2.6008641688729504,2020
6.814381054034906,2020
3.3285026929992227,2020
2.9642328546846306,2020
2.3941248120797542,2020
3.743249722745888,2020
2.9791581377120018,2020
5.089049850480602,2020
2.8349380423033095,2020
2.5185599851559,2020
3.1372393279397235,2020
3.6876731938000793,2020
7.506501627175411,2020
2.8709422045575224,2020
3.3641162344635416,2020
2.7718288553467136,2020
4.426732780616767,2020
7.775513237793095,2020
2.3380417701426817,2020
3.113342406894411,2020
2.818449949261118,2020
2.3229855947060933,2020
3.369509622928777,2020
3.752905357652529,2020
2.689467118046832,2020
2.7195949218761797,2020
2.5542392340472375,2020
2.580958122013085,2020
2.4289033441765007,2020
2.564761156490966,2020
5.0234277347645415,2020
2.540660871816388,2020
3.3854105331605076,2020
3.6843225388597847,2020
2.3020716884253907,2020
2.631169107181571,2020
3.3920925700978968,2020
5.177625406093232,2020
9.262532343737925,2020
3.965702788168216,2020
2.3858828014969573,2020
3.7993712819367795,2020
2.949274245910566,2020
3.2292644780870505,2020
3.181800984643408,2020
3.535729801548887,2020
4.397313778333256,2020
4.763517944110743,2020
3.0783521451673646,2020
4.8577891647877545,2020
11.142050426565413,2020
2.9484269021709513,2020
3.8996734300467577,2020
7.279201211936389,2020
2.7064502994408755,2020
2.820307048296865,2020
3.979671829791846,2020
3.6553860146292365,2020
6.268431904786979,2020
3.4550812058675358,2020
3.1846332030877034,2020
2.541552072867736,2020
4.3884314904792845,2020
4.003216359507386,2020
2.4136064602140794,2020
3.5672195837989684,2020
4.650234087416483,2020
2.4674404957252145,2020
4.002219027866213,2020
3.4145101432041587,2020
10.333267595729668,2020
3.5659564402270223,2020
2.6696955376387574,2020
3.7952723168545965,2020
2.5681816608096146,2020
3.854727558586189,2020
3.3400726351910475,2020
3.6648424809480153,2020
4.9565108730374625,2020
8.550411054783543,2020
2.3285968704925644,2020
2.633040039376849,2020
2.5640828820271824,2020
3.144118059128086,2020
4.42570495602234,2020
3.7647669448293724,2020
2.5651282704241316,2020
3.4225357766716775,2020
3.9647764366373943,2020
4.473916407816428,2020
3.4192154539005832,2020
2.4434989295286447,2020
5.3318496207687875,2020
2.9972674871118983,2020
3.0304716990789555,2020
4.767865069953985,2020
6.44722384501314,2020
3.970070642961732,2020
3.950135425694355,2020
4.677803979716893,2020
3.106870993534015,2020
2.809583616492006,2020
3.036655173540696,2020
3.7020465751133815,2020
3.104521265196264,2020
2.298961671835986,2020
4.615138070128827,2020
4.311580776794832,2020
3.071212397096901,2020
2.564696632511259,2020
2.602401059548348,2020
3.053705790219368,2020
3.166852022418378,2020
3.068021943071413,2020
2.957239733640124,2020
3.7047235340626066,2020
2.4494125535410127,2020
3.1589182061084253,2020
3.223954029235048,2020
4.478671347586031,2020
3.12383371675269,2020
6.279451434674065,2020
4.244012218414421,2020
2.3414367977457085,2020
2.8503203594370463,2020
3.783081466544089,2020
3.597469161956029,2020
2.455641782457801,2020
2.555987664549024,2020
3.5323134875083,2020
3.211475389683161,2020
2.415898478481681,2020
3.2856752596790013,2020
4.999428505100996,2020
2.465598107431811,2020
2.5045459943441233,2020
2.404786229602088,2020
2.763429759484509,2020
3.528730682888042,2020
8.85051232462314,2020
2.9273725244829905,2020
4.6531522858123395,2020
3.1348063152584005,2020
4.493575146135653,2020
2.9969260882328768,2020
3.54139236517557,2020
2.28002217182863,2020
3.5355870683773682,2020
4.969698837134375,2020
8.068181235194245,2020
5.22189265003309,2020
3.2399087012650845,2020
2.669633146907157,2020
4.146397773370699,2020
3.032507501213726,2020
2.6057275779718294,2020
5.19400946280833,2020
2.8356483661892513,2020
6.341646543611736,2020
3.8712513136589397,2020
3.133001334706475,2020
3.7709360380361288,2020
3.2244112209539666,2020
2.6415543065686276,2020
2.646587856505342,2020
3.0101336266017347,2020
3.502784971528866,2020
3.0417034231245954,2020
3.4927286141763565,2020
2.568834008290456,2020
2.8775764800900223,2020
3.412677957171034,2020
5.459241453137473,2020
4.39800886971371,2020
3.395947852241362,2020
2.3593692441760394,2020
2.7525980079066414,2020
3.9639258776222794,2020
3.6785548824100247,2020
6.337243376252947,2020
3.3930134716447857,2020
3.462147758795106,2020
2.9923578066265186,2020
3.5501735916791164,2020
3.6933583683397626,2020
3.2109538216990368,2020
3.087965210365179,2020
2.7055642398234574,2020
3.094734177756381,2020
7.9492014261218795,2020
3.846583855211578,2020
8.379844219573926,2020
2.5888556014423845,2020
5.22016189829413,2020
4.4523850937323175,2020
4.777046183766782,2020
2.970434292876681,2020
3.0597848165320043,2020
8.984403820234977,2020
2.953669766500731,2020
2.856859166138649,2020
3.1164399728701326,2020
3.200718293153257,2020
4.747512955512505,2020
12.587607340309194,2020
6.774924317338415,2020
8.972517285092742,2020
2.4984045132324035,2020
2.9178852782059304,2020
3.991706290898905,2020
2.838244191036943,2020
3.54758663183126,2020
4.070041248410922,2020
5.989877489542017,2020
2.8205964463661806,2020
2.594592266755552,2020
5.945049135498649,2020
3.643329255671289,2020
3.2270071632350743,2020
3.8097767840606234,2020
4.269421708897278,2020
3.0067104731223657,2020
2.8488088856477667,2020
2.6971770706470743,2020
3.717398302568709,2020
2.2789093416926027,2020
5.55969612427016,2020
4.306775866210971,2020
2.20732813802536,2020
2.774207420569338,2020
2.585467170808249,2020
5.15234218221232,2020
3.61761816062369,2020
2.310571082879535,2020
4.30621286600006,2020
2.669970489672,2020
3.927305263518969,2020
3.385505065596499,2020
3.392523143743576,2020
4.360628899418184,2020
2.587234792618392,2020
6.855905392373078,2020
4.631345513716423,2020
2.8595543467977715,2020
3.0899843047086697,2020
2.611205958499515,2020
2.9881850641694054,2020
2.309840853518224,2020
2.6983656777524256,2020
2.69657547975473,2020
2.7776054670343,2020
2.985685111085859,2020
3.0972458838222567,2020
3.790776472827382,2020
3.68947888111726,2020
4.442005405006213,2020
4.288036642304496,2020
3.47892167770992,2020
2.826122715796154,2020
3.164754893809559,2020
4.571804932161487,2020
5.683605858719081,2020
7.96522930192065,2020
5.536316280362942,2020
4.660060084277813,2020
5.16776251185831,2020
3.822399021086854,2020
2.6718867491349787,2020
3.2902580648381234,2020
2.914030928405544,2020
4.597850221949267,2020
4.151437338663279,2020
2.307106340373674,2020
2.6998073400367524,2020
3.5644317970728046,2020
5.215243673312379,2020
2.431901690256548,2020
3.43424654966945,2020
3.1675991825540266,2020
3.7485438755515226,2020
10.603925551231033,2020
3.0354877950568584,2020
5.51710134795775,2020
4.0002039807652086,2020
2.5852141364032857,2020
3.8909884772509433,2020
3.6046499674845993,2020
4.6124448648156715,2020
6.249437238771952,2020
3.4352491565054217,2020
3.1271043074272717,2020
2.5500788918604806,2020
3.6058520276758323,2020
2.666132326266469,2020
2.7662343207882456,2020
2.576699125122322,2020
3.860110777216708,2020
6.071354540690686,2020
2.7606283474520517,2020
3.0478338048066327,2020
3.1350679380861237,2020
3.386081204696734,2020
3.9139034152822076,2020
3.9473866372358426,2020
6.802726347308823,2020
2.215801492393667,2020
4.402559369982354,2020
6.065696094922756,2020
4.919449755715338,2020
4.529430313440947,2020
2.4132215499572447,2020
2.2795446720534818,2020
2.5456260327841216,2020
3.024633374600119,2020
3.9499643775360016,2020
2.300093737249682,2020
4.928880486743273,2020
2.9311284306419374,2020
2.4658466782511423,2020
4.228623394920751,2020
3.089994224607023,2020
3.6423860342846712,2020
2.8420222062003075,2020
5.57761186984485,2020
2.3867895679332864,2020
3.084554895476815,2020
3.364081165949089,2020
2.674407635795512,2020
2.5919293652175917,2020
2.9789950571025416,2020
2.7987123888543914,2020
3.580979290050567,2020
3.3321127335885543,2020
3.2538117004844094,2020
4.316694943927876,2020
2.8505496247457622,2020
2.7891209552145177,2020
2.6678198139051257,2020
2.6862475622650512,2020
2.9393458856596855,2020
2.5799332868527243,2020
4.151662108144437,2020
2.7281504569823833,2020
4.179614075885841,2020
4.6472127061108806,2020
3.924563566398965,2020
4.575556552482881,2020
2.1738564182547555,2020
6.395474663622877,2020
4.313338363406727,2020
2.4727166250147983,2020
2.6733025690017556,2020
3.2571366830853496,2020
3.6788496718337442,2020
5.5606477923322215,2020
3.5802021533070594,2020
3.233914036170012,2020
4.181172213479622,2020
3.6433302322538217,2020
3.6279122353747697,2020
3.5394036582693276,2020
8.661650232562081,2020
2.361171016773415,2020
3.167792907173952,2020
4.112365446528301,2020
2.9948607473053652,2020
2.611626980793088,2020
2.562483487210786,2020
6.320479610013553,2020
2.3734554956174643,2020
2.97093528326819,2020
4.134752248443076,2020
4.512663041265287,2020
4.208688147453916,2020
2.5368064802052834,2020
3.1523618457522264,2020
3.8448204783212176,2020
2.836265954514267,2020
2.8377788310046737,2020
3.0036887415604885,2020
2.7345024305843086,2020
2.3019028564702575,2020
5.6942026826276315,2020
2.787462999230933,2020
2.6351496974479014,2020
2.8378181933234554,2020
2.47187740264604,2020
4.695176566310261,2020
2.292026672964036,2020
2.251824493505961,2020
2.778516390998563,2020
7.645272435953064,2020
3.17218146349861,2020
2.4495476999409016,2020
2.374852359823051,2020
4.112672691266608,2020
3.08896183475265,2020
12.948074355912407,2020
5.319845875531216,2020
2.9162417148209645,2020
3.263850658893782,2020
5.043464916509305,2020
3.3276422080143986,2020
2.868806518992573,2020
2.8758883245673728,2020
15.26076374397043,2020
2.6963637890473544,2020
4.147523465391048,2020
2.7511336025927036,2020
2.9695048105286777,2020
2.458985472809993,2020
4.7936548543145125,2020
4.4434936283840685,2020
2.483792153154467,2020
3.6494360933585535,2020
2.774018371280656,2020
3.936915223625235,2020
4.925645622738598,2020
2.342292330388334,2020
3.0024971117480357,2020
3.7188546582293447,2020
2.706931200850089,2020
3.568524488309341,2020
3.7410572993033386,2020
3.3620243427061665,2020
2.9467319972479364,2020
3.446223783945413,2020
2.7500467369389465,2020
2.747416933574417,2020
2.769208579500222,2020
2.840668979815388,2020
2.674743915300771,2020
3.996250888668278,2020
3.0167638793631064,2020
2.13899877441089,2020
3.6067465681426008,2020
3.2505649222331257,2020
4.511682695679908,2020
5.054708159007258,2020
3.9470773322392914,2020
4.8484680680742525,2020
3.5601537805215426,2020
2.1261562494164714,2020
4.473769588111862,2020
6.4426930706853085,2021
5.349819801227276,2021
5.233980858827422,2021
3.4184570290040175,2021
5.849426234847528,2021
5.188399827032358,2021
5.8886637315595,2021
25.76395591792345,2021
9.68176047404692,2021
14.128728438181028,2021
3.714403368125949,2021
6.269632682465971,2021
5.585111688541045,2021
8.213107848595406,2021
6.5258971592307065,2021
4.647708674285182,2021
4.409145599527302,2021
4.193256480368414,2021
7.230735105787459,2021
3.519255317651786,2021
5.768589867776612,2021
4.116797332918271,2021
5.560027582773774,2021
7.525685920994202,2021
5.529836780835868,2021
5.247971923237004,2021
5.517728447442714,2021
6.7802860855696245,2021
4.949577973468993,2021
5.169593509002585,2021
5.237354756388637,2021
6.865515956895565,2021
7.071485250086663,2021
5.547175986900572,2021
7.859515837692742,2021
5.84299682183437,2021
7.213252939685857,2021
4.8283504453130295,2021
4.6510128094694085,2021
4.731464090671445,2021
6.372301674177614,2021
5.3969379802614625,2021
3.591047572243695,2021
4.17888255972858,2021
8.10761638794703,2021
4.911201866473217,2021
6.4451135656301615,2021
4.321547308971153,2021
4.735274275202608,2021
4.472291766241825,2021
6.41391224877264,2021
4.488095847982151,2021
4.5317865644813295,2021
3.785938331702631,2021
7.736828314588645,2021
4.595386876440895,2021
10.956305706919093,2021
5.1119572803109685,2021
4.216249674872525,2021
4.88038244850616,2021
7.652019303457696,2021
5.639680864466897,2021
4.660082914813906,2021
7.1976855836395535,2021
13.666798816173253,2021
5.406607525145529,2021
5.559099841991372,2021
4.694413118148405,2021
4.511042078030138,2021
12.870978529740206,2021
5.947820618277728,2021
4.5088070147349715,2021
4.618810323938067,2021
8.688790452787572,2021
5.255533664941513,2021
3.45933343902681,2021
6.115253059934611,2021
8.807528712381266,2021
6.088912662242536,2021
4.805871572919635,2021
7.468184958483649,2021
4.29098705456012,2021
9.848806152165299,2021
5.296001123884044,2021
4.881690509340728,2021
13.229739751681302,2021
9.153715865297526,2021
11.185379334736123,2021
8.492408317802997,2021
4.644811492420906,2021
4.600877547499165,2021
3.8000959396100353,2021
5.893947315214188,2021
3.794932181482847,2021
4.767257235399632,2021
3.6558163626615445,2021
8.59105507608447,2021
5.609394042429654,2021
4.490102064632145,2021
4.993747452355004,2021
4.236410859449482,2021
5.296526762647416,2021
7.71581269366758,2021
5.259324071118058,2021
3.5018428270662336,2021
4.411839233548314,2021
4.786501226063101,2021
10.77181421812691,2021
5.331555085285247,2021
7.499833570408755,2021
7.410123149982065,2021
9.862151027544959,2021
9.244523381760727,2021
6.241343459446846,2021
5.950171172187858,2021
9.129282362881538,2021
5.447247076881122,2021
5.458430465932863,2021
4.656196626541429,2021
4.125151563285362,2021
6.120870539681138,2021
6.5653448264971885,2021
5.718170334953236,2021
7.155998419318314,2021
6.230865672296089,2021
4.728037726667861,2021
6.35205442076161,2021
5.332269493853199,2021
7.375927412804206,2021
3.8752978315392106,2021
5.4523373539662705,2021
6.486150582969291,2021
6.8078648488827405,2021
4.384540145996777,2021
4.7604409816062425,2021
6.536645229647974,2021
6.319511420604869,2021
8.712366039687856,2021
8.966890519101643,2021
7.639134351719411,2021
3.3361701790232936,2021
5.942039905864038,2021
4.967057401405043,2021
8.047909022173748,2021
7.535006243437009,2021
8.504641864120497,2021
7.71934156821379,2021
5.144724546246482,2021
5.675208923683551,2021
4.974595449181924,2021
10.286491966031,2021
5.561425468377581,2021
4.549930462036865,2021
5.355628477036914,2021
4.2735647550251805,2021
6.891035669442968,2021
7.612778959155339,2021
8.422959933483614,2021
10.993075895325646,2021
5.185218591886985,2021
9.411515505617615,2021
9.780848978927875,2021
3.6954956055308696,2021
4.71882492021061,2021
6.565513176593078,2021
17.38082660979654,2021
5.003430823913838,2021
6.685221178331779,2021
4.956114354840297,2021
6.029469958438125,2021
4.726167472338156,2021
7.4299051314839915,2021
3.5298976066214056,2021
6.0804827507525685,2021
3.976395407231639,2021
7.29232169175683,2021
5.745645171856403,2021
13.649501629551194,2021
6.379505066717949,2021
5.72888103418949,2021
5.079766208061037,2021
5.966898303599953,2021
4.433995380533005,2021
7.370112927302749,2021
5.1369761085246815,2021
3.634185065238007,2021
7.115888685445499,2021
4.726969985406679,2021
5.012100008713991,2021
5.133312292406331,2021
6.471461055044981,2021
4.375774115103354,2021
4.7965887141465835,2021
6.551357249539233,2021
6.555367187390924,2021
4.513246575279718,2021
17.60377818830988,2021
8.251254528187008,2021
10.720524557562594,2021
6.374715330894586,2021
5.4048193097375155,2021
4.908879440656458,2021
9.044640526373586,2021
10.023212974175728,2021
6.260541897477132,2021
5.363321920471834,2021
4.686525812945339,2021
5.396166974733142,2021
4.214550448041429,2021
7.658728161661588,2021
4.726007671239261,2021
5.20578330207125,2021
7.369938292932347,2021
6.059229639490595,2021
3.7956162358859453,2021
4.890590349622142,2021
7.819931108884782,2021
4.945328663602265,2021
3.9403648341132844,2021
6.424444844561971,2021
4.174905804383103,2021
12.402752347170996,2021
7.1542121738108815,2021
5.835768434861699,2021
6.0454851693046034,2021
5.731831784722554,2021
4.123034545249058,2021
6.353589854462557,2021
5.586740825190628,2021
6.066068622107008,2021
5.974140515373422,2021
7.11941361982301,2021
10.30300226122308,2021
3.7899141345221112,2021
5.4006614861151805,2021
5.204516856028044,2021
8.650763935745612,2021
5.009661633724772,2021
3.928317588296871,2021
5.645772749548145,2021
5.192593238338135,2021
5.982214038791342,2021
4.696772558884926,2021
3.55624451169152,2021
4.124824872005481,2021
5.398476684437754,2021
5.967503258512168,2021
7.542243796597379,2021
18.377551698102295,2021
8.35582440440172,2021
4.341882277589308,2021
4.64684044214769,2021
22.61395295773445,2021
4.492309485848536,2021
4.9622891575941965,2021
7.468450328861733,2021
4.352771885651642,2021
3.528411392397942,2021
3.579531164730152,2021
7.723581937313094,2021
3.772699206727826,2021
5.18483125495951,2021
7.567878800160941,2021
4.635242872948428,2021
4.220461876209027,2021
4.231882976923053,2021
5.8152633507437415,2021
4.292685231506532,2021
3.8666159844413692,2021
4.586481660526028,2021
5.279708801802833,2021
4.388192718775819,2021
6.352976000364175,2021
5.305997624644934,2021
4.00465443883385,2021
8.710508184956794,2021
8.540549306680747,2021
5.170862197331261,2021
4.684939323507544,2021
4.723313833679781,2021
5.806984321930297,2021
6.39673565346609,2021
4.599244309722726,2021
13.682484125288232,2021
4.494872288433838,2021
6.173542310340321,2021
6.102572789991332,2021
5.071858273485016,2021
7.408073800078265,2021
4.4527669414299105,2021
5.3774720586801825,2021
6.3818500822860695,2021
6.938326839539168,2021
6.649977875828513,2021
7.745527219038373,2021
7.324057573457317,2021
3.7595362131401555,2021
5.583658036250578,2021
4.868728665868207,2021
4.996699609405818,2021
4.133433921111683,2021
7.392194654941012,2021
4.253823296624805,2021
5.064088723625697,2021
3.3748056240112456,2021
6.372803467749793,2021
7.856377454475563,2021
13.282376435379938,2021
4.470492366332566,2021
7.093087003888646,2021
4.47161011541766,2021
6.9323814054977895,2021
4.386854717721855,2021
8.039733788558742,2021
6.719607267423956,2021
8.481945424680333,2021
5.774049808365003,2021
5.9238343895807875,2021
5.73128821742174,2021
8.27989677138263,2021
4.456163899414747,2021
4.164873921824505,2021
6.026141835874536,2021
4.599075369170995,2021
4.649733135109527,2021
8.845301323228096,2021
4.029547544325622,2021
6.91123396305199,2021
5.273880738538849,2021
4.883578482228206,2021
6.1147750700164405,2021
4.768382763431754,2021
7.606375524119005,2021
6.369462385236201,2021
4.62958931486617,2021
4.884383464055813,2021
6.270203366498402,2021
5.808986430031768,2021
4.028926428504186,2021
6.027373375798547,2021
4.321382558454186,2021
5.0974000398559,2021
5.470551007429053,2021
7.741624361868264,2021
8.425134130903903,2021
4.417106066582069,2021
5.671606126890291,2021
14.131171020844203,2021
5.023616839198979,2021
4.407154218262515,2021
4.466471386470156,2021
6.642126366627888,2021
9.500244376360037,2021
4.051703944198294,2021
4.343578421070984,2021
9.195701454551898,2021
7.970712850357044,2021
4.955561034790791,2021
4.539202466731808,2021
11.130360408405032,2021
6.112605989805975,2021
6.5532668761922315,2021
5.61533490161549,2021
5.837128336400706,2021
8.118724879367228,2021
5.220021717458032,2021
5.0047409184545115,2021
5.328012861910942,2021
12.659486421062871,2021
11.190620180233507,2021
15.421670466967946,2021
4.277790374684551,2021
4.388609679602393,2021
11.372247696930508,2021
11.450348603478881,2021
4.596614882695327,2021
7.330038287529525,2021
4.630826877722233,2021
5.693445135537792,2021
7.769286936824557,2021
5.629169207917323,2021
4.924725422254431,2021
4.91657224489836,2021
5.686719509009185,2021
6.747927699622763,2021
4.313617165061947,2021
8.274858268357756,2021
4.88073190484925,2021
6.871325393095806,2021
5.767203700804799,2021
4.396321808255214,2021
7.8054088092141845,2021
4.555075058102458,2021
5.967336437084684,2021
4.269099511988593,2021
4.576997178634702,2021
7.000394193671799,2021
7.728584580612749,2021
6.193268036153366,2021
7.911375287131222,2021
5.243125545337644,2021
4.9715286207610045,2021
4.671011338778312,2021
5.670525800900091,2021
3.7269303389833905,2021
5.294145033324699,2021
5.754688596773397,2021
5.535081509217278,2021
3.9522830759599086,2021
4.665590610846488,2021
4.604965375066851,2021
4.456656106093915,2021
5.850422498123747,2021
3.529691870069226,2021
4.396390488080142,2021
4.5963744377285725,2021
7.469703124975712,2021
4.6520652750830465,2021
5.387986918825078,2021
7.010528502153533,2021
10.112038739913919,2021
7.467025869919926,2021
7.181464977011616,2021
7.9943670968895955,2021
10.009186364999488,2021
4.378740699699126,2021
3.927938801674402,2021
5.3298084218259865,2021
5.561643295290111,2021
6.55834134813308,2021
8.422425688653828,2021
6.261801880182403,2021
3.5455608538434147,2021
5.8319068372899885,2021
4.809736639089405,2021
4.5226940621511975,2021
7.064257078561377,2021
13.122224390801653,2021
3.741246756331929,2021
5.1415051356408155,2021
4.798328424438303,2021
5.749305332664907,2021
9.976057748292938,2021
8.292783106627242,2021
6.8391564734764465,2021
5.469948497512045,2021
4.624892465237085,2021
3.741207193216637,2021
4.539341250337922,2021
7.554977391322266,2021
5.099252340799308,2021
4.726281166210146,2021
3.6270896448253445,2021
3.8278523294613165,2021
5.215112163349593,2021
6.855028987732577,2021
5.341981120263037,2021
16.68750913921153,2021
5.33246879653819,2021
5.037809839528421,2021
4.585026658055746,2021
7.189173221283158,2021
3.5031775017970808,2021
5.02822340694366,2021
7.248871671508276,2021
6.172015729381982,2021
7.527921420414709,2021
11.054598877923207,2021
6.793233320794524,2021
4.287437253829209,2021
6.3414007888450605,2021
6.140712941351516,2021
7.115134909438111,2021
8.679060867073146,2021
4.830366560649372,2021
6.937528975955009,2021
5.566045212241453,2021
7.460103054237569,2021
7.071772287894679,2021
3.931294690601961,2021
4.313310258697463,2021
6.41550343419678,2021
6.377733247749267,2021
11.223412474525382,2021
4.110012633582711,2021
9.707295515968273,2021
14.706518425290856,2021
11.467507586084972,2021
5.447191893992087,2021
7.989786759408104,2021
11.969154918541225,2021
5.624707923249743,2021
5.865902267982792,2021
4.929860619948579,2021
5.41699103082794,2021
6.237393510568199,2021
6.716724922086161,2021
3.640317750786093,2021
4.277474581497277,2021
12.942313047119075,2021
6.308232914569839,2021
4.909577262795999,2021
4.722983558388911,2021
4.861605811842796,2021
4.042905125957611,2021
3.9299839579458893,2021
7.378514179712613,2021
7.064693411462858,2021
26.104658525877323,2021
4.896948316874306,2021
6.380960751956215,2021
4.523431905609541,2021
5.568792708782035,2021
5.037763591715934,2021
6.129026138237763,2021
8.535293157240336,2021
6.085634985405683,2021
3.6161687792098496,2021
7.254323375447277,2021
12.324578447442944,2021
9.979071773839403,2021
5.132528155692261,2021
7.574029272622638,2021
15.93642686060963,2021
5.3800383520769435,2021
5.966070668406325,2021
5.33013664344959,2021
4.548973321150516,2021
5.000729821082227,2021
5.28649117617987,2021
3.7837249217433433,2021
4.674781863090862,2021
4.951902851997844,2021
5.164841924384172,2021
6.524564002102321,2021
9.158251699378289,2021
5.154336378879625,2021
5.773282549836192,2021
12.72207009967885,2021
4.210836081887505,2021
5.078706475024048,2021
6.73494996834816,2021
6.5210969748631635,2021
6.015575173590071,2021
6.705948110675724,2021
5.811930192576582,2021
3.250855670933604,2021
4.6722479928106155,2021
6.882531635421252,2021
3.7623025885266044,2021
5.4719980996586175,2021
6.27791965272693,2021
6.045248937192733,2021
4.608199325081523,2021
4.754055033214195,2021
6.9413997319743395,2021
3.3400507567141005,2021
7.458943547768933,2021
4.54562298455663,2021
4.825698128440008,2021
3.8193987625653483,2021
8.88921866223405,2021
3.934040085680779,2021
9.298636953086039,2021
4.680221054461432,2021
5.018091771224606,2021
9.70605134889948,2021
10.17415565284289,2021
7.460660069960206,2021
5.978117502862298,2021
7.312439445360116,2021
4.501226966581302,2021
5.275187689400796,2021
5.4699392484781075,2021
4.405900212599896,2021
16.100803860789846,2021
8.888629255259186,2021
5.51072717057112,2021
4.867089385963637,2021
4.5197029047588035,2021
8.535701853815771,2021
5.911355030941605,2021
10.452615118016912,2021
4.904832524020451,2021
5.5268356423237375,2021
12.735626267616908,2021
4.503405426807504,2021
4.800441812101113,2021
6.232260320312329,2021
7.808868720047295,2021
4.44157020148713,2021
3.891400625055822,2021
4.0693509942083645,2021
4.33335868007316,2021
4.183227991700251,2021
14.040183274379869,2021
3.935343203978881,2021
3.4876009516638855,2021
6.669380156039839,2021
5.258933327436606,2021
13.16078399054118,2021
4.22422966296306,2021
11.805193690367792,2021
4.743261447666129,2021
7.880784035778894,2021
9.169954832363523,2021
4.770117918142769,2021
10.466276785831687,2021
7.063810510825713,2021
5.116961758271876,2021
13.94740123957211,2021
3.7558802880383158,2021
6.2891704127361505,2021
5.750216562626082,2021
5.404262652046849,2021
5.551465054574579,2021
12.801305398565065,2021
5.122317803626969,2021
7.802359336481987,2021
4.467650432533416,2021
8.994125697147798,2021
5.39116580915154,2021
6.254535526420381,2021
9.387899279476228,2021
16.84682717040632,2021
4.462352935357567,2021
7.173907585009213,2021
3.9277967978397657,2021
4.903248201413383,2021
5.044666649066372,2021
5.398600235693912,2021
9.316703828245865,2021
5.71690657020201,2021
7.449232652596249,2021
7.2113210737971265,2021
6.110153053213678,2021
4.78456696144369,2021
7.586860750444486,2021
4.708838856094849,2021
5.5191116683078185,2021
7.686101499461171,2021
4.047527157352798,2021
5.217537935682224,2021
4.467754459684317,2021
5.7844350216448515,2021
3.88854492028912,2021
4.210116037297821,2021
10.28591453857062,2021
6.124582543639247,2021
7.8493971442185275,2021
7.893213708481885,2021
4.339392026243578,2021
3.7874427045503065,2021
4.671868860539208,2021
4.898239419422183,2021
21.252337788311827,2021
4.406729342217816,2021
4.607249202299702,2021
6.403658670601186,2021
5.567153442867017,2021
6.000637777466187,2021
5.551687642282656,2021
5.485025397252259,2021
6.681381844681919,2021
5.401425934156108,2021
4.55449118427082,2021
4.602744191569673,2021
9.802495858451314,2021
17.10570814061237,2021
6.974998726804693,2021
5.552674558700802,2021
9.924248597841938,2021
3.386306324275388,2021
7.161300541635238,2021
9.445007357173454,2021
5.169600452827888,2021
4.409569677613918,2021
5.432628991359696,2021
7.297152327582858,2021
7.2850292030520105,2021
4.110578227968679,2021
24.498902371040028,2021
5.07513706705462,2021
5.883840845858372,2021
4.637779759988808,2021
6.194546073252241,2021
8.776658834712386,2021
3.9176563726741698,2021
6.282240156688628,2021
5.547149452548418,2021
3.871799319361516,2021
4.428501989582635,2021
5.452213978750401,2021
7.5690230079227145,2021
7.443134837245348,2021
8.206599421661686,2021
8.91050489040422,2021
4.695179937485953,2021
5.496395359699524,2021
4.1215827945061445,2021
4.42597687077142,2021
11.522077617061871,2021
6.797480398693429,2021
4.209806806812909,2021
6.103931849938344,2021
6.399589864037896,2021
5.14945818119196,2021
3.725954108922733,2021
9.765633503330212,2021
6.6023612888461445,2021
10.226846923155792,2021
6.057493356326363,2021
15.179844539661001,2021
17.846499071442164,2021
5.895572899639082,2021
5.097441342003778,2021
4.937133196509171,2021
4.942460154292808,2021
4.609832577253078,2021
3.7821146775540404,2021
4.827359910067695,2021
13.998619285822672,2021
5.5838084156092656,2021
8.810697537277456,2021
4.258399938994547,2021
7.985770332027845,2021
10.42931521466956,2021
6.87154666657033,2021
16.46600184764847,2021
7.694283766911464,2021
12.30169028594894,2021
5.089462423912156,2021
6.119317129220841,2021
4.864991254700092,2021
5.347616699424935,2021
5.948217911642245,2021
5.378786940884955,2021
5.935362699834047,2021
5.99035878295282,2021
8.874158958642102,2021
3.802442618724538,2021
4.601800097677133,2021
5.3926299413075185,2021
13.319992047493882,2021
4.865936037753767,2021
6.50476814902741,2021
5.211088041520786,2021
5.882639581984177,2021
7.051357988584264,2021
7.214259438889244,2021
10.686050697855194,2021
5.522445413706449,2021
5.078674828902806,2021
6.020453799606911,2021
5.082054266531952,2021
11.69833646738308,2021
6.057929591246519,2021
6.390395522364227,2021
5.533011405285958,2021
6.794244112986537,2021
9.503298364630563,2021
8.348652692315099,2021
9.160729698793853,2021
4.824647370798773,2021
7.675770133430356,2021
4.332885341702767,2021
5.469208491372692,2021
7.613937880549794,2021
6.827420928974556,2021
4.783740823977581,2021
5.324715725891309,2021
6.728534979368031,2021
8.120781217293498,2021
7.832016303098118,2021
4.024291974042329,2021
7.4925533005430385,2021
7.899588038374232,2021
4.673658012632522,2021
8.048830416561554,2021
6.064726895582958,2021
6.170668906045592,2021
8.710980841212155,2021
5.732843081711242,2021
5.056960050142521,2021
7.297548755995068,2021
10.17544966471372,2021
5.16509805278492,2021
4.143212199674113,2021
3.588663852485182,2021
9.578638297328023,2021
5.493069678719998,2021
4.6784400419920384,2021
19.94807848463439,2021
5.00605855221424,2021
4.196473031426507,2021
5.944060714054304,2021
4.059634221337021,2021
10.381532189370512,2021
6.317031474870283,2021
4.816947704729767,2021
6.286557271749215,2021
8.765293285756488,2021
17.19043864345803,2021
14.284675734553515,2021
4.166947228964444,2021
6.2955112213544036,2021
4.991631673318882,2021
6.346525674983024,2021
5.470516106649658,2021
3.5448844721938775,2021
3.793613375363063,2021
4.212345808896911,2021
10.133869794592306,2021
5.858868232452071,2021
9.110612996951081,2021
4.62955180445169,2021
6.282785485025943,2021
6.0784446977281155,2021
9.974879680599258,2021
4.774712618671828,2021
4.450310110592861,2021
5.37191715744859,2021
7.184664328101384,2021
3.6475686281021056,2021
4.244168862074802,2021
12.380596728051236,2021
4.161900996279527,2021
6.4275468781657485,2021
5.4246251359071245,2021
9.861327092071937,2021
5.57249549792898,2021
9.70689200758515,2021
5.121891451819115,2021
3.8122656489432303,2021
4.169605845326998,2021
8.65945225570752,2021
4.820803201057091,2021
6.607977997603879,2021
10.773473898591696,2021
5.705965102733784,2021
10.769122925113773,2021
5.329448547709664,2021
6.351785904190127,2021
9.540836179168117,2021
5.240013533778767,2021
6.892584389303203,2021
4.420966751724366,2021
9.007009290052899,2021
4.780541637459791,2021
5.0619905270824,2021
3.8664958163208216,2021
4.31448819477797,2021
4.916466291757875,2021
6.763713027343368,2021
4.012973386604195,2021
4.715938884489821,2021
6.44025785381937,2021
7.501920855608752,2021
5.497100524446028,2021
4.700135972176496,2021
4.262339173072078,2021
4.275435935577308,2021
5.804162151548515,2021
7.710543469857701,2021
4.094771921711043,2021
6.603942401583832,2021
7.848888425732662,2021
6.770789641554581,2021
5.583156837210535,2021
5.682054906642163,2021
3.977723547753022,2021
4.504969886780891,2021
4.61699541427218,2021
5.742504647392101,2021
3.9801124367781995,2021
4.598614594397343,2021
5.879561494106804,2021
7.445972537126171,2021
9.098809833828074,2021
7.061940852376583,2021
4.216890534547608,2021
6.63965144699266,2021
3.7950107724968327,2021
5.509506520372225,2021
3.4271231247835248,2021
6.1258258762502145,2021
4.268747081121489,2021
4.733942669006167,2021
4.743314486294708,2021
4.1997078087228275,2021
4.488571671367392,2021
6.783011649559612,2021
5.733845381705037,2021
16.541466925154058,2021
6.234904838613912,2021
21.667649494468975,2021
5.107357580263708,2021
10.80462348055519,2021
4.0581274865022525,2021
6.022256118117765,2021
7.732752460615149,2021
4.209457769634405,2021
9.241316643288924,2021
9.069657513927053,2021
7.955575344749672,2021
5.36504356626751,2021
5.737134997353742,2021
5.45438793925202,2021
7.859554724714282,2021
4.370909715193722,2021
4.1605375625240555,2021
8.078328179915381,2021
5.713406719989639,2021
5.127076154810582,2021
4.119569481810458,2021
4.524861757335691,2021
9.855031822531119,2021
4.326409324867417,2021
7.885936062378537,2021
3.5970361561982545,2021
5.079542064794383,2021
9.631424078005315,2021
11.268436712533907,2021
6.361592650323398,2021
5.220949865035741,2021
6.596998146852146,2021
5.422597681979699,2021
5.467690335168025,2021
4.182449898925317,2021
5.923828397126525,2021
4.359490537299522,2021
5.586416568527108,2021
3.9686338119939735,2021
5.023844271814156,2021
5.544577190840475,2021
4.151407344348206,2021
6.266610833389282,2021
4.118836295890443,2021
5.492157407620536,2021
4.641478180302343,2021
3.5926881340792076,2021
9.017620032349042,2021
5.463627197980753,2021
6.359822238312855,2021
4.185855497385004,2021
6.383733116850399,2021
4.575426869583681,2021
6.00286377343668,2021
4.756835761341796,2021
7.840603675262277,2021
4.808579608483901,2021
4.465769775463496,2021
5.819308220031228,2021
6.750453885248427,2021
6.584475475794018,2021
4.855092321134153,2021
3.834428527241762,2021
3.6983628368898795,2021
4.032966382884078,2021
5.1820200249809245,2021
5.5533108021154245,2021
4.866603566302878,2021
6.633619878717749,2021
4.3631076815612975,2021
3.757024316545375,2021
8.854721703489941,2021
4.586705140393697,2021
4.646858073808369,2021
12.982277671482066,2021
10.362796964669926,2021
6.7921284415363425,2021
8.632327564564262,2021
4.572099203975228,2021
3.773430239456215,2021
6.495334242293354,2021
5.03145495506149,2021
5.060819605722309,2021
10.193727804250582,2021
3.927500653191713,2021
9.650435898681897,2021
6.349119377862478,2021
4.021311255360686,2021
3.8971928814635937,2021
5.16525664444856,2021
3.708966658960611,2021
5.322911306011805,2021
5.28995071836439,2021
3.6219954862737898,2021
4.615596079773189,2021
7.616464127906832,2021
5.372692406999316,2021
6.285434773574456,2021
5.07050173028469,2021
4.3912728894612965,2021
7.042243620661616,2021
12.519442598836486,2021
7.5716169519039935,2021
4.866470956098571,2021
4.958255619286015,2021
4.402485376545575,2021
